,country,Date,t_3,t_2,t_1,arrival
0,1,31/12/2013,162.28,147.27,171.63,179.31
1,1,31/12/2014,147.27,171.63,179.31,178.31
2,1,31/12/2015,171.63,179.31,178.31,176.86
3,1,31/12/2016,179.31,178.31,176.86,175.26
4,1,31/12/2017,178.31,176.86,175.26,174.29
5,1,31/12/2018,176.86,175.26,174.29,169.32
6,1,31/12/2019,175.26,174.29,169.32,166.01
7,2,31/12/2013,52.68,99.19,98.13,103.23
8,2,31/12/2014,99.19,98.13,103.23,107.14
9,2,31/12/2015,98.13,103.23,107.14,109.83
10,2,31/12/2016,103.23,107.14,109.83,115.56
11,2,31/12/2017,107.14,109.83,115.56,121.72
12,2,31/12/2018,109.83,115.56,121.72,124.46
13,2,31/12/2019,115.56,121.72,124.46,126.17
14,3,31/12/2013,81.95,75.73,76.75,78.1
15,3,31/12/2014,75.73,76.75,78.1,81.04
16,3,31/12/2015,76.75,78.1,81.04,87.13
17,3,31/12/2016,78.1,81.04,87.13,94.85
18,3,31/12/2017,81.04,87.13,94.85,99.35
19,3,31/12/2018,87.13,94.85,99.35,96.5
20,3,31/12/2019,94.85,99.35,96.5,97.41
21,4,31/12/2013,76.6,80.5,82.0,83.6
22,4,31/12/2014,80.5,82.0,83.6,83.7
23,4,31/12/2015,82.0,83.6,83.7,84.5
24,4,31/12/2016,83.6,83.7,84.5,82.7
25,4,31/12/2017,83.7,84.5,82.7,86.8
26,4,31/12/2018,84.5,82.7,86.8,89.3
27,4,31/12/2019,82.7,86.8,89.3,83.3
28,5,31/12/2013,73.23,75.87,76.29,76.76
29,5,31/12/2014,75.87,76.29,76.76,77.69
30,5,31/12/2015,76.29,76.76,77.69,81.07
31,5,31/12/2016,76.76,77.69,81.07,84.93
32,5,31/12/2017,77.69,81.07,84.93,89.93
33,5,31/12/2018,81.07,84.93,89.93,93.23
34,5,31/12/2019,84.93,89.93,93.23,94.0
35,6,31/12/2013,58.34,60.75,67.39,72.31
36,6,31/12/2014,60.75,67.39,72.31,73.75
37,6,31/12/2015,67.39,72.31,73.75,77.74
38,6,31/12/2016,72.31,73.75,77.74,80.48
39,6,31/12/2017,73.75,77.74,80.48,83.8
40,6,31/12/2018,77.74,80.48,83.8,85.95
41,6,31/12/2019,80.48,83.8,85.95,88.52
42,7,31/12/2013,49.01,49.97,47.19,48.35
43,7,31/12/2014,49.97,47.19,48.35,51.17
44,7,31/12/2015,47.19,48.35,51.17,55.86
45,7,31/12/2016,48.35,51.17,55.86,57.59
46,7,31/12/2017,51.17,55.86,57.59,59.24
47,7,31/12/2018,55.86,57.59,59.24,57.67
48,7,31/12/2019,57.59,59.24,57.67,60.02
49,8,31/12/2013,39.9,41.3,43.57,43.61
50,8,31/12/2014,41.3,43.57,43.61,45.98
51,8,31/12/2015,43.57,43.61,45.98,48.35
52,8,31/12/2016,43.61,45.98,48.35,52.89
53,8,31/12/2017,45.98,48.35,52.89,54.96
54,8,31/12/2018,48.35,52.89,54.96,57.67
55,8,31/12/2019,52.89,54.96,57.67,61.4
56,9,31/12/2013,31.36,36.77,37.72,39.86
57,9,31/12/2014,36.77,37.72,39.86,41.63
58,9,31/12/2015,37.72,39.86,41.63,41.11
59,9,31/12/2016,39.86,41.63,41.11,30.91
60,9,31/12/2017,41.63,41.11,30.91,37.97
61,9,31/12/2018,41.11,30.91,37.97,46.11
62,9,31/12/2019,30.91,37.97,46.11,51.75
63,10,31/12/2013,30.4,31.89,32.22,33.57
64,10,31/12/2014,31.89,32.22,33.57,35.34
65,10,31/12/2015,32.22,33.57,35.34,36.79
66,10,31/12/2016,33.57,35.34,36.79,39.13
67,10,31/12/2017,35.34,36.79,39.13,41.08
68,10,31/12/2018,36.79,39.13,41.08,40.28
69,10,31/12/2019,39.13,41.08,40.28,40.86
70,11,31/12/2013,26.88,28.37,30.41,31.55
71,11,31/12/2014,28.37,30.41,31.55,33.0
72,11,31/12/2015,30.41,31.55,33.0,34.97
73,11,31/12/2016,31.55,33.0,34.97,35.56
74,11,31/12/2017,33.0,34.97,35.56,37.45
75,11,31/12/2018,34.97,35.56,37.45,38.88
76,11,31/12/2019,35.56,37.45,38.88,39.56
77,12,31/12/2013,15.94,19.23,22.35,26.55
78,12,31/12/2014,19.23,22.35,26.55,24.81
79,12,31/12/2015,22.35,26.55,24.81,29.92
80,12,31/12/2016,26.55,24.81,29.92,32.53
81,12,31/12/2017,24.81,29.92,32.53,35.59
82,12,31/12/2018,29.92,32.53,35.59,38.18
83,12,31/12/2019,32.53,35.59,38.18,39.92
84,13,31/12/2013,26.73,25.81,26.4,26.52
85,13,31/12/2014,25.81,26.4,26.52,28.07
86,13,31/12/2015,26.4,26.52,28.07,28.21
87,13,31/12/2016,26.52,28.07,28.21,28.69
88,13,31/12/2017,28.07,28.21,28.69,30.74
89,13,31/12/2018,28.21,28.69,30.74,30.8
90,13,31/12/2019,28.69,30.74,30.8,32.9
91,14,31/12/2013,25.62,25.07,25.32,25.17
92,14,31/12/2014,25.07,25.32,25.17,25.56
93,14,31/12/2015,25.32,25.17,25.56,27.56
94,14,31/12/2016,25.17,25.56,27.56,30.14
95,14,31/12/2017,25.56,27.56,30.14,31.08
96,14,31/12/2018,27.56,30.14,31.08,31.27
97,14,31/12/2019,30.14,31.08,31.27,32.43
98,15,31/12/2013,26.13,27.11,27.19,26.29
99,15,31/12/2014,27.11,27.19,26.29,26.36
100,15,31/12/2015,27.19,26.29,26.36,25.99
101,15,31/12/2016,26.29,26.36,25.99,28.15
102,15,31/12/2017,26.36,25.99,28.15,29.17
103,15,31/12/2018,25.99,28.15,29.17,30.54
104,15,31/12/2019,28.15,29.17,30.54,27.44
105,16,31/12/2013,22.28,24.93,28.18,30.79
106,16,31/12/2014,24.93,28.18,30.79,32.42
107,16,31/12/2015,28.18,30.79,32.42,33.73
108,16,31/12/2016,30.79,32.42,33.73,24.57
109,16,31/12/2017,32.42,33.73,24.57,24.39
110,16,31/12/2018,33.73,24.57,24.39,24.55
111,16,31/12/2019,24.57,24.39,24.55,24.42
112,17,31/12/2013,22.0,23.01,24.15,24.81
113,17,31/12/2014,23.01,24.15,24.81,25.29
114,17,31/12/2015,24.15,24.81,25.29,26.73
115,17,31/12/2016,24.81,25.29,26.73,28.12
116,17,31/12/2017,25.29,26.73,28.12,29.46
117,17,31/12/2018,26.73,28.12,29.46,30.82
118,17,31/12/2019,28.12,29.46,30.82,31.88
119,18,31/12/2013,24.58,24.71,25.03,25.72
120,18,31/12/2014,24.71,25.03,25.72,27.44
121,18,31/12/2015,25.03,25.72,27.44,25.72
122,18,31/12/2016,25.72,27.44,25.72,26.76
123,18,31/12/2017,27.44,25.72,26.76,25.95
124,18,31/12/2018,25.72,26.76,25.95,25.83
125,18,31/12/2019,26.76,25.95,25.83,26.1
126,19,31/12/2013,15.01,16.43,15.52,20.11
127,19,31/12/2014,16.43,15.52,20.11,24.27
128,19,31/12/2015,15.52,20.11,24.27,26.11
129,19,31/12/2016,20.11,24.27,26.11,28.07
130,19,31/12/2017,24.27,26.11,28.07,30.16
131,19,31/12/2018,26.11,28.07,30.16,33.07
132,19,31/12/2019,28.07,30.16,33.07,34.01
133,20,31/12/2013,19.32,19.32,19.32,19.32
134,20,31/12/2014,19.32,19.32,19.32,16.23
135,20,31/12/2015,19.32,19.32,16.23,17.47
136,20,31/12/2016,19.32,16.23,17.47,18.97
137,20,31/12/2017,16.23,17.47,18.97,20.39
138,20,31/12/2018,17.47,18.97,20.39,21.29
139,20,31/12/2019,18.97,20.39,21.29,21.55
140,21,31/12/2013,13.03,15.78,19.85,19.93
141,21,31/12/2014,15.78,19.85,19.93,23.01
142,21,31/12/2015,19.85,19.93,23.01,21.83
143,21,31/12/2016,19.93,23.01,21.83,20.89
144,21,31/12/2017,23.01,21.83,20.89,18.61
145,21,31/12/2018,21.83,20.89,18.61,17.57
146,21,31/12/2019,20.89,18.61,17.57,20.29
147,22,31/12/2013,8.6,6.2,8.3,10.3
148,22,31/12/2014,6.2,8.3,10.3,13.4
149,22,31/12/2015,8.3,10.3,13.4,19.7
150,22,31/12/2016,10.3,13.4,19.7,24.0
151,22,31/12/2017,13.4,19.7,24.0,28.7
152,22,31/12/2018,19.7,24.0,28.7,31.2
153,22,31/12/2019,24.0,28.7,31.2,31.88
154,23,31/12/2013,21.2,24.54,25.06,26.03
155,23,31/12/2014,24.54,25.06,26.03,13.23
156,23,31/12/2015,25.06,26.03,13.23,13.03
157,23,31/12/2016,26.03,13.23,13.03,13.73
158,23,31/12/2017,13.23,13.03,13.73,14.58
159,23,31/12/2018,13.03,13.73,14.58,14.34
160,23,31/12/2019,13.73,14.58,14.34,13.71
161,24,31/12/2013,12.2,12.9,15.1,15.4
162,24,31/12/2014,12.9,15.1,15.4,15.6
163,24,31/12/2015,15.1,15.4,15.6,17.2
164,24,31/12/2016,15.4,15.6,17.2,18.4
165,24,31/12/2017,15.6,17.2,18.4,20.0
166,24,31/12/2018,17.2,18.4,20.0,21.2
167,24,31/12/2019,18.4,20.0,21.2,22.0
168,25,31/12/2013,11.64,13.17,14.5,15.57
169,25,31/12/2014,13.17,14.5,15.57,15.1
170,25,31/12/2015,14.5,15.57,15.1,15.23
171,25,31/12/2016,15.57,15.1,15.23,16.4
172,25,31/12/2017,15.1,15.23,16.4,17.43
173,25,31/12/2018,15.23,16.4,17.43,18.51
174,25,31/12/2019,16.4,17.43,18.51,19.12
175,26,31/12/2013,10.88,11.3,11.68,12.78
176,26,31/12/2014,11.3,11.68,12.78,13.93
177,26,31/12/2015,11.68,12.78,13.93,15.01
178,26,31/12/2016,12.78,13.93,15.01,15.83
179,26,31/12/2017,13.93,15.01,15.83,17.92
180,26,31/12/2018,15.01,15.83,17.92,18.78
181,26,31/12/2019,15.83,17.92,18.78,20.13
182,27,31/12/2013,8.07,12.1,13.07,14.32
183,27,31/12/2014,12.1,13.07,14.32,14.53
184,27,31/12/2015,13.07,14.32,14.53,13.95
185,27,31/12/2016,14.32,14.53,13.95,15.12
186,27,31/12/2017,14.53,13.95,15.12,14.98
187,27,31/12/2018,13.95,15.12,14.98,15.0
188,27,31/12/2019,15.12,14.98,15.0,14.8
189,28,31/12/2013,8.8,9.8,11.14,12.18
190,28,31/12/2014,9.8,11.14,12.18,14.2
191,28,31/12/2015,11.14,12.18,14.2,13.23
192,28,31/12/2016,12.18,14.2,13.23,17.24
193,28,31/12/2017,14.2,13.23,17.24,13.34
194,28,31/12/2018,13.23,17.24,13.34,15.35
195,28,31/12/2019,17.24,13.34,15.35,17.5
196,29,31/12/2013,6.76,7.26,7.5,9.18
197,29,31/12/2014,7.26,7.5,9.18,10.5
198,29,31/12/2015,7.5,9.18,10.5,11.72
199,29,31/12/2016,9.18,10.5,11.72,13.36
200,29,31/12/2017,10.5,11.72,13.36,15.43
201,29,31/12/2018,11.72,13.36,15.43,16.19
202,29,31/12/2019,13.36,15.43,16.19,17.17
203,30,31/12/2013,7.0,7.65,8.04,8.8
204,30,31/12/2014,7.65,8.04,8.8,9.44
205,30,31/12/2015,8.04,8.8,9.44,10.41
206,30,31/12/2016,8.8,9.44,10.41,11.52
207,30,31/12/2017,9.44,10.41,11.52,14.04
208,30,31/12/2018,10.41,11.52,14.04,15.81
209,30,31/12/2019,11.52,14.04,15.81,16.11
210,31,31/12/2013,9.75,9.78,9.83,10.35
211,31,31/12/2014,9.78,9.83,10.35,10.51
212,31,31/12/2015,9.83,10.35,10.51,10.54
213,31,31/12/2016,10.35,10.51,10.54,10.68
214,31,31/12/2017,10.51,10.54,10.68,11.54
215,31,31/12/2018,10.54,10.68,11.54,12.49
216,31,31/12/2019,10.68,11.54,12.49,13.11
217,32,31/12/2013,14.05,9.85,11.53,9.46
218,32,31/12/2014,9.85,11.53,9.46,9.88
219,32,31/12/2015,11.53,9.46,9.88,9.33
220,32,31/12/2016,9.46,9.88,9.33,5.4
221,32,31/12/2017,9.88,9.33,5.4,8.29
222,32,31/12/2018,9.33,5.4,8.29,11.35
223,32,31/12/2019,5.4,8.29,11.35,13.03
224,33,31/12/2013,11.95,6.73,8.06,9.16
225,33,31/12/2014,6.73,8.06,9.16,10.45
226,33,31/12/2015,8.06,9.16,10.45,9.67
227,33,31/12/2016,9.16,10.45,9.67,10.16
228,33,31/12/2017,10.45,9.67,10.16,11.37
229,33,31/12/2018,9.67,10.16,11.37,12.05
230,33,31/12/2019,10.16,11.37,12.05,11.06
231,34,31/12/2013,6.05,8.71,8.87,9.19
232,34,31/12/2014,8.71,8.87,9.19,9.41
233,34,31/12/2015,8.87,9.19,9.41,9.32
234,34,31/12/2016,9.19,9.41,9.32,10.6
235,34,31/12/2017,9.41,9.32,10.6,11.6
236,34,31/12/2018,9.32,10.6,11.6,12.37
237,34,31/12/2019,10.6,11.6,12.37,12.55
238,35,31/12/2013,8.63,8.53,8.57,8.97
239,35,31/12/2014,8.53,8.57,8.97,9.16
240,35,31/12/2015,8.57,8.97,9.16,9.31
241,35,31/12/2016,8.97,9.16,9.31,10.4
242,35,31/12/2017,9.16,9.31,10.4,11.13
243,35,31/12/2018,9.31,10.4,11.13,11.72
244,35,31/12/2019,10.4,11.13,11.72,11.82
245,36,31/12/2013,5.04,6.01,6.85,7.57
246,36,31/12/2014,6.01,6.85,7.57,7.87
247,36,31/12/2015,6.85,7.57,7.87,7.94
248,36,31/12/2016,7.57,7.87,7.94,10.01
249,36,31/12/2017,7.87,7.94,10.01,12.92
250,36,31/12/2018,7.94,10.01,12.92,15.5
251,36,31/12/2019,10.01,12.92,15.5,18.01
252,37,31/12/2013,7.5,7.61,7.94,8.02
253,37,31/12/2014,7.61,7.94,8.02,8.44
254,37,31/12/2015,7.94,8.02,8.44,9.33
255,37,31/12/2016,8.02,8.44,9.33,10.22
256,37,31/12/2017,8.44,9.33,10.22,10.93
257,37,31/12/2018,9.33,10.22,10.93,11.72
258,37,31/12/2019,10.22,10.93,11.72,12.82
259,38,31/12/2013,7.13,7.63,7.55,8.26
260,38,31/12/2014,7.63,7.55,8.26,8.81
261,38,31/12/2015,7.55,8.26,8.81,9.53
262,38,31/12/2016,8.26,8.81,9.53,10.1
263,38,31/12/2017,8.81,9.53,10.1,10.34
264,38,31/12/2018,9.53,10.1,10.34,10.93
265,38,31/12/2019,10.1,10.34,10.93,10.95
266,39,31/12/2013,1.33,1.46,1.53,12.58
267,39,31/12/2014,1.46,1.53,12.58,11.56
268,39,31/12/2015,1.53,12.58,11.56,14.94
269,39,31/12/2016,12.58,11.56,14.94,17.38
270,39,31/12/2017,11.56,14.94,17.38,15.41
271,39,31/12/2018,14.94,17.38,15.41,2.26
272,39,31/12/2019,17.38,15.41,2.26,8.72
273,40,31/12/2013,5.18,11.57,12.37,10.98
274,40,31/12/2014,11.57,12.37,10.98,10.52
275,40,31/12/2015,12.37,10.98,10.52,6.48
276,40,31/12/2016,10.98,10.52,6.48,6.78
277,40,31/12/2017,10.52,6.48,6.78,7.05
278,40,31/12/2018,6.48,6.78,7.05,7.44
279,40,31/12/2019,6.78,7.05,7.44,7.62
280,41,31/12/2013,5.78,6.31,6.58,6.97
281,41,31/12/2014,6.31,6.58,6.97,7.68
282,41,31/12/2015,6.58,6.97,7.68,8.03
283,41,31/12/2016,6.97,7.68,8.03,8.8
284,41,31/12/2017,7.68,8.03,8.8,10.04
285,41,31/12/2018,8.03,8.8,10.04,10.56
286,41,31/12/2019,8.8,10.04,10.56,10.93
287,42,31/12/2013,7.19,7.49,7.56,7.68
288,42,31/12/2014,7.49,7.56,7.68,7.89
289,42,31/12/2015,7.56,7.68,7.89,8.36
290,42,31/12/2016,7.68,7.89,8.36,7.48
291,42,31/12/2017,7.89,8.36,7.48,8.39
292,42,31/12/2018,8.36,7.48,8.39,9.12
293,42,31/12/2019,7.48,8.39,9.12,9.34
294,43,31/12/2013,8.55,7.98,7.9,7.68
295,43,31/12/2014,7.98,7.9,7.68,7.8
296,43,31/12/2015,7.9,7.68,7.8,7.85
297,43,31/12/2016,7.68,7.8,7.85,8.03
298,43,31/12/2017,7.8,7.85,8.03,8.15
299,43,31/12/2018,7.85,8.03,8.15,8.33
300,43,31/12/2019,8.03,8.15,8.33,8.24
301,44,31/12/2013,5.67,5.88,6.13,6.24
302,44,31/12/2014,5.88,6.13,6.24,5.38
303,44,31/12/2015,6.13,6.24,5.38,4.39
304,44,31/12/2016,6.24,5.38,4.39,10.94
305,44,31/12/2017,5.38,4.39,10.94,11.06
306,44,31/12/2018,4.39,10.94,11.06,11.5
307,44,31/12/2019,10.94,11.06,11.5,11.83
308,45,31/12/2013,5.79,5.77,6.03,6.48
309,45,31/12/2014,5.77,6.03,6.48,6.92
310,45,31/12/2015,6.03,6.48,6.92,7.45
311,45,31/12/2016,6.48,6.92,7.45,8.27
312,45,31/12/2017,6.92,7.45,8.27,8.82
313,45,31/12/2018,7.45,8.27,8.82,9.25
314,45,31/12/2019,8.27,8.82,9.25,9.47
315,46,31/12/2013,7.83,5.75,7.0,7.35
316,46,31/12/2014,5.75,7.0,7.35,7.16
317,46,31/12/2015,7.0,7.35,7.16,5.36
318,46,31/12/2016,7.35,7.16,5.36,5.72
319,46,31/12/2017,7.16,5.36,5.72,7.05
320,46,31/12/2018,5.36,5.72,7.05,8.3
321,46,31/12/2019,5.72,7.05,8.3,9.43
322,47,31/12/2013,6.8,6.7,6.5,6.51
323,47,31/12/2014,6.7,6.5,6.51,7.17
324,47,31/12/2015,6.5,6.51,7.17,6.82
325,47,31/12/2016,6.51,7.17,6.82,6.67
326,47,31/12/2017,7.17,6.82,6.67,6.71
327,47,31/12/2018,6.82,6.67,6.71,6.94
328,47,31/12/2019,6.67,6.71,6.94,7.4
329,48,31/12/2013,5.21,5.57,5.73,6.22
330,48,31/12/2014,5.57,5.73,6.22,6.53
331,48,31/12/2015,5.73,6.22,6.53,6.94
332,48,31/12/2016,6.22,6.53,6.94,7.06
333,48,31/12/2017,6.53,6.94,7.06,7.41
334,48,31/12/2018,6.94,7.06,7.41,8.51
335,48,31/12/2019,7.06,7.41,8.51,8.57
336,49,31/12/2013,4.1,5.69,6.16,6.84
337,49,31/12/2014,5.69,6.16,6.84,6.33
338,49,31/12/2015,6.16,6.84,6.33,6.43
339,49,31/12/2016,6.84,6.33,6.43,6.51
340,49,31/12/2017,6.33,6.43,6.51,7.7
341,49,31/12/2018,6.43,6.51,7.7,8.79
342,49,31/12/2019,6.51,7.7,8.79,8.52
343,50,31/12/2013,5.04,5.54,5.57,5.82
344,50,31/12/2014,5.54,5.57,5.82,6.25
345,50,31/12/2015,5.57,5.82,6.25,6.84
346,50,31/12/2016,5.82,6.25,6.84,6.8
347,50,31/12/2017,6.25,6.84,6.8,7.73
348,50,31/12/2018,6.84,6.8,7.73,7.78
349,50,31/12/2019,6.8,7.73,7.78,8.34
350,51,31/12/2013,5.26,5.59,5.94,6.15
351,51,31/12/2014,5.59,5.94,6.15,6.32
352,51,31/12/2015,5.94,6.15,6.32,6.11
353,51,31/12/2016,6.15,6.32,6.11,6.27
354,51,31/12/2017,6.32,6.11,6.27,6.14
355,51,31/12/2018,6.11,6.27,6.14,6.62
356,51,31/12/2019,6.27,6.14,6.62,7.25
357,52,31/12/2013,5.16,5.43,5.68,5.81
358,52,31/12/2014,5.43,5.68,5.81,6.43
359,52,31/12/2015,5.68,5.81,6.43,6.31
360,52,31/12/2016,5.81,6.43,6.31,6.55
361,52,31/12/2017,6.43,6.31,6.55,6.59
362,52,31/12/2018,6.31,6.55,6.59,6.62
363,52,31/12/2019,6.55,6.59,6.62,6.35
364,53,31/12/2013,4.48,4.65,4.9,5.11
365,53,31/12/2014,4.65,4.9,5.11,5.58
366,53,31/12/2015,4.9,5.11,5.58,6.13
367,53,31/12/2016,5.11,5.58,6.13,6.77
368,53,31/12/2017,5.58,6.13,6.77,7.3
369,53,31/12/2018,6.13,6.77,7.3,7.55
370,53,31/12/2019,6.77,7.3,7.55,7.55
371,54,31/12/2013,8.08,6.81,6.31,5.39
372,54,31/12/2014,6.81,6.31,5.39,5.33
373,54,31/12/2015,6.31,5.39,5.33,4.81
374,54,31/12/2016,5.39,5.33,4.81,4.24
375,54,31/12/2017,5.33,4.81,4.24,4.57
376,54,31/12/2018,4.81,4.24,4.57,4.92
377,54,31/12/2019,4.24,4.57,4.92,5.36
378,55,31/12/2013,4.37,4.91,5.01,5.74
379,55,31/12/2014,4.91,5.01,5.74,5.8
380,55,31/12/2015,5.01,5.74,5.8,5.7
381,55,31/12/2016,5.74,5.8,5.7,5.94
382,55,31/12/2017,5.8,5.7,5.94,6.15
383,55,31/12/2018,5.7,5.94,6.15,6.03
384,55,31/12/2019,5.94,6.15,6.03,6.1
385,56,31/12/2013,3.52,3.92,4.27,4.68
386,56,31/12/2014,3.92,4.27,4.68,4.83
387,56,31/12/2015,4.27,4.68,4.83,5.36
388,56,31/12/2016,4.68,4.83,5.36,5.97
389,56,31/12/2017,4.83,5.36,5.97,6.62
390,56,31/12/2018,5.36,5.97,6.62,7.17
391,56,31/12/2019,5.97,6.62,7.17,8.26
392,57,31/12/2013,4.77,4.96,4.54,4.78
393,57,31/12/2014,4.96,4.54,4.78,4.86
394,57,31/12/2015,4.54,4.78,4.86,5.36
395,57,31/12/2016,4.78,4.86,5.36,5.96
396,57,31/12/2017,4.86,5.36,5.96,6.25
397,57,31/12/2018,5.36,5.96,6.25,5.69
398,57,31/12/2019,5.96,6.25,5.69,5.88
399,58,31/12/2013,3.58,3.96,4.4,4.46
400,58,31/12/2014,3.96,4.4,4.46,4.6
401,58,31/12/2015,4.4,4.46,4.6,5.49
402,58,31/12/2016,4.46,4.6,5.49,6.71
403,58,31/12/2017,4.6,5.49,6.71,7.62
404,58,31/12/2018,5.49,6.71,7.62,6.6
405,58,31/12/2019,6.71,7.62,6.6,5.43
406,59,31/12/2013,4.07,4.5,4.98,5.26
407,59,31/12/2014,4.5,4.98,5.26,5.22
408,59,31/12/2015,4.98,5.26,5.22,5.05
409,59,31/12/2016,5.26,5.22,5.05,5.32
410,59,31/12/2017,5.22,5.05,5.32,5.59
411,59,31/12/2018,5.05,5.32,5.59,6.12
412,59,31/12/2019,5.32,5.59,6.12,6.15
413,60,31/12/2013,2.94,3.35,3.83,4.77
414,60,31/12/2014,3.35,3.83,4.77,4.97
415,60,31/12/2015,3.83,4.77,4.97,5.24
416,60,31/12/2016,4.77,4.97,5.24,4.94
417,60,31/12/2017,4.97,5.24,4.94,4.87
418,60,31/12/2018,5.24,4.94,4.87,7.3
419,60,31/12/2019,4.94,4.87,7.3,9.11
420,61,31/12/2013,2.03,2.71,4.11,4.95
421,61,31/12/2014,2.71,4.11,4.95,5.0
422,61,31/12/2015,4.11,4.95,5.0,5.26
423,61,31/12/2016,4.95,5.0,5.26,5.39
424,61,31/12/2017,5.0,5.26,5.39,6.48
425,61,31/12/2018,5.26,5.39,6.48,7.2
426,61,31/12/2019,5.39,6.48,7.2,7.73
427,62,31/12/2013,6.11,3.77,4.67,4.04
428,62,31/12/2014,3.77,4.67,4.04,4.8
429,62,31/12/2015,4.67,4.04,4.8,6.02
430,62,31/12/2016,4.04,4.8,6.02,5.27
431,62,31/12/2017,4.8,6.02,5.27,4.95
432,62,31/12/2018,6.02,5.27,4.95,4.95
433,62,31/12/2019,5.27,4.95,4.95,4.95
434,63,31/12/2013,2.51,2.88,3.58,4.21
435,63,31/12/2014,2.88,3.58,4.21,4.5
436,63,31/12/2015,3.58,4.21,4.5,4.78
437,63,31/12/2016,4.21,4.5,4.78,5.01
438,63,31/12/2017,4.5,4.78,5.01,5.6
439,63,31/12/2018,4.78,5.01,5.6,6.2
440,63,31/12/2019,5.01,5.6,6.2,6.61
441,64,31/12/2013,1.22,3.03,3.39,4.13
442,64,31/12/2014,3.03,3.39,4.13,3.79
443,64,31/12/2015,3.39,4.13,3.79,4.0
444,64,31/12/2016,4.13,3.79,4.0,3.85
445,64,31/12/2017,3.79,4.0,3.85,4.57
446,64,31/12/2018,4.0,3.85,4.57,6.95
447,64,31/12/2019,3.85,4.57,6.95,8.51
448,65,31/12/2013,2.95,3.3,3.64,4.01
449,65,31/12/2014,3.3,3.64,4.01,4.06
450,65,31/12/2015,3.64,4.01,4.06,4.38
451,65,31/12/2016,4.01,4.06,4.38,4.72
452,65,31/12/2017,4.06,4.38,4.72,4.99
453,65,31/12/2018,4.38,4.72,4.99,5.38
454,65,31/12/2019,4.72,4.99,5.38,5.28
455,66,31/12/2013,2.42,2.93,3.51,3.26
456,66,31/12/2014,2.93,3.51,3.26,3.67
457,66,31/12/2015,3.51,3.26,3.67,4.13
458,66,31/12/2016,3.26,3.67,4.13,4.74
459,66,31/12/2017,3.67,4.13,4.74,5.12
460,66,31/12/2018,4.13,4.74,5.12,5.93
461,66,31/12/2019,4.74,5.12,5.93,6.41
462,67,31/12/2013,10.97,6.48,4.0,4.0
463,67,31/12/2014,6.48,4.0,4.0,4.0
464,67,31/12/2015,4.0,4.0,4.0,4.0
465,67,31/12/2016,4.0,4.0,4.0,1.04
466,67,31/12/2017,4.0,4.0,1.04,1.29
467,67,31/12/2018,4.0,1.04,1.29,1.8
468,67,31/12/2019,1.04,1.29,1.8,2.42
469,68,31/12/2013,3.17,3.37,3.66,3.54
470,68,31/12/2014,3.37,3.66,3.54,3.46
471,68,31/12/2015,3.66,3.54,3.46,4.1
472,68,31/12/2016,3.54,3.46,4.1,4.32
473,68,31/12/2017,3.46,4.1,4.32,4.74
474,68,31/12/2018,4.1,4.32,4.74,4.18
475,68,31/12/2019,4.32,4.74,4.18,4.37
476,69,31/12/2013,2.51,2.72,3.33,3.78
477,69,31/12/2014,2.72,3.33,3.78,4.16
478,69,31/12/2015,3.33,3.78,4.16,4.68
479,69,31/12/2016,3.78,4.16,4.68,4.24
480,69,31/12/2017,4.16,4.68,4.24,3.87
481,69,31/12/2018,4.68,4.24,3.87,4.19
482,69,31/12/2019,4.24,3.87,4.19,4.79
483,70,31/12/2013,3.44,3.36,3.52,3.54
484,70,31/12/2014,3.36,3.52,3.54,3.25
485,70,31/12/2015,3.52,3.54,3.25,3.11
486,70,31/12/2016,3.54,3.25,3.11,3.07
487,70,31/12/2017,3.25,3.11,3.07,3.86
488,70,31/12/2018,3.11,3.07,3.86,4.39
489,70,31/12/2019,3.07,3.86,4.39,4.91
490,71,31/12/2013,2.83,3.08,3.31,3.27
491,71,31/12/2014,3.08,3.31,3.27,3.5
492,71,31/12/2015,3.31,3.27,3.5,3.69
493,71,31/12/2016,3.27,3.5,3.69,3.84
494,71,31/12/2017,3.5,3.69,3.84,4.28
495,71,31/12/2018,3.69,3.84,4.28,4.32
496,71,31/12/2019,3.84,4.28,4.32,4.23
497,72,31/12/2013,2.53,2.72,2.85,2.86
498,72,31/12/2014,2.72,2.85,2.86,3.01
499,72,31/12/2015,2.85,2.86,3.01,3.54
500,72,31/12/2016,2.86,3.01,3.54,4.01
501,72,31/12/2017,3.01,3.54,4.01,4.65
502,72,31/12/2018,3.54,4.01,4.65,4.71
503,72,31/12/2019,4.01,4.65,4.71,4.28
504,73,31/12/2013,2.71,3.24,3.16,3.24
505,73,31/12/2014,3.24,3.16,3.24,3.2
506,73,31/12/2015,3.16,3.24,3.2,3.29
507,73,31/12/2016,3.24,3.2,3.29,3.63
508,73,31/12/2017,3.2,3.29,3.63,4.22
509,73,31/12/2018,3.29,3.63,4.22,3.95
510,73,31/12/2019,3.63,4.22,3.95,3.48
511,74,31/12/2013,3.67,4.19,4.23,2.8
512,74,31/12/2014,4.19,4.23,2.8,2.73
513,74,31/12/2015,4.23,2.8,2.73,2.62
514,74,31/12/2016,2.8,2.73,2.62,2.79
515,74,31/12/2017,2.73,2.62,2.79,3.18
516,74,31/12/2018,2.62,2.79,3.18,3.22
517,74,31/12/2019,2.79,3.18,3.22,3.29
518,75,31/12/2013,1.7,2.36,2.43,2.6
519,75,31/12/2014,2.36,2.43,2.6,2.87
520,75,31/12/2015,2.43,2.6,2.87,3.37
521,75,31/12/2016,2.6,2.87,3.37,3.68
522,75,31/12/2017,2.87,3.37,3.68,4.06
523,75,31/12/2018,3.37,3.68,4.06,4.4
524,75,31/12/2019,3.68,4.06,4.4,4.53
525,76,31/12/2013,2.05,2.24,2.38,2.5
526,76,31/12/2014,2.24,2.38,2.5,2.68
527,76,31/12/2015,2.38,2.5,2.68,3.02
528,76,31/12/2016,2.5,2.68,3.02,3.4
529,76,31/12/2017,2.68,3.02,3.4,3.99
530,76,31/12/2018,3.02,3.4,3.99,4.43
531,76,31/12/2019,3.4,3.99,4.43,4.7
532,77,31/12/2013,2.53,2.62,2.57,2.71
533,77,31/12/2014,2.62,2.57,2.71,2.85
534,77,31/12/2015,2.57,2.71,2.85,3.13
535,77,31/12/2016,2.71,2.85,3.13,3.49
536,77,31/12/2017,2.85,3.13,3.49,3.72
537,77,31/12/2018,3.13,3.49,3.72,3.86
538,77,31/12/2019,3.49,3.72,3.86,3.89
539,78,31/12/2013,2.45,2.63,2.64,2.63
540,78,31/12/2014,2.63,2.64,2.63,2.56
541,78,31/12/2015,2.64,2.63,2.56,2.78
542,78,31/12/2016,2.63,2.56,2.78,3.29
543,78,31/12/2017,2.56,2.78,3.29,3.75
544,78,31/12/2018,2.78,3.29,3.75,4.02
545,78,31/12/2019,3.29,3.75,4.02,4.12
546,79,31/12/2013,2.5,2.53,2.54,2.64
547,79,31/12/2014,2.53,2.54,2.64,2.76
548,79,31/12/2015,2.54,2.64,2.76,2.9
549,79,31/12/2016,2.64,2.76,2.9,3.2
550,79,31/12/2017,2.76,2.9,3.2,3.23
551,79,31/12/2018,2.9,3.2,3.23,3.31
552,79,31/12/2019,3.2,3.23,3.31,3.37
553,80,31/12/2013,0.98,1.39,1.9,1.97
554,80,31/12/2014,1.39,1.9,1.97,1.86
555,80,31/12/2015,1.9,1.97,1.86,1.92
556,80,31/12/2016,1.97,1.86,1.92,2.03
557,80,31/12/2017,1.86,1.92,2.03,2.69
558,80,31/12/2018,1.92,2.03,2.69,5.35
559,80,31/12/2019,2.03,2.69,5.35,6.75
560,81,31/12/2013,0.79,0.82,1.06,2.04
561,81,31/12/2014,0.82,1.06,2.04,3.08
562,81,31/12/2015,1.06,2.04,3.08,4.68
563,81,31/12/2016,2.04,3.08,4.68,2.91
564,81,31/12/2017,3.08,4.68,2.91,3.44
565,81,31/12/2018,4.68,2.91,3.44,3.55
566,81,31/12/2019,2.91,3.44,3.55,4.36
567,82,31/12/2013,1.82,1.92,2.01,2.01
568,82,31/12/2014,1.92,2.01,2.01,2.16
569,82,31/12/2015,2.01,2.01,2.16,2.38
570,82,31/12/2016,2.01,2.16,2.38,2.59
571,82,31/12/2017,2.16,2.38,2.59,2.94
572,82,31/12/2018,2.38,2.59,2.94,3.23
573,82,31/12/2019,2.59,2.94,3.23,3.52
574,83,31/12/2013,1.5,1.39,1.71,1.92
575,83,31/12/2014,1.39,1.71,1.92,2.23
576,83,31/12/2015,1.71,1.92,2.23,2.63
577,83,31/12/2016,1.92,2.23,2.63,3.21
578,83,31/12/2017,2.23,2.63,3.21,3.18
579,83,31/12/2018,2.63,3.21,3.18,3.24
580,83,31/12/2019,3.21,3.18,3.24,3.51
581,84,31/12/2013,1.96,2.24,2.48,2.51
582,84,31/12/2014,2.24,2.48,2.51,2.3
583,84,31/12/2015,2.48,2.51,2.3,2.01
584,84,31/12/2016,2.51,2.3,2.01,2.25
585,84,31/12/2017,2.3,2.01,2.25,2.7
586,84,31/12/2018,2.01,2.25,2.7,2.85
587,84,31/12/2019,2.25,2.7,2.85,3.17
588,85,31/12/2013,1.7,2.06,2.32,2.61
589,85,31/12/2014,2.06,2.32,2.61,2.84
590,85,31/12/2015,2.32,2.61,2.84,2.94
591,85,31/12/2016,2.61,2.84,2.94,2.94
592,85,31/12/2017,2.84,2.94,2.94,2.26
593,85,31/12/2018,2.94,2.94,2.26,1.82
594,85,31/12/2019,2.94,2.26,1.82,2.14
595,86,31/12/2013,2.07,2.4,2.63,2.73
596,86,31/12/2014,2.4,2.63,2.73,2.3
597,86,31/12/2015,2.63,2.73,2.3,1.71
598,86,31/12/2016,2.73,2.3,1.71,2.04
599,86,31/12/2017,2.3,1.71,2.04,2.45
600,86,31/12/2018,1.71,2.04,2.45,2.66
601,86,31/12/2019,2.04,2.45,2.66,2.37
602,87,31/12/2013,1.73,2.0,2.09,2.2
603,87,31/12/2014,2.0,2.09,2.2,2.31
604,87,31/12/2015,2.09,2.2,2.31,2.55
605,87,31/12/2016,2.2,2.31,2.55,2.38
606,87,31/12/2017,2.31,2.55,2.38,2.52
607,87,31/12/2018,2.55,2.38,2.52,2.49
608,87,31/12/2019,2.38,2.52,2.49,2.49
609,88,31/12/2013,2.24,2.42,1.79,1.83
610,88,31/12/2014,2.42,1.79,1.83,1.88
611,88,31/12/2015,1.79,1.83,1.88,2.06
612,88,31/12/2016,1.83,1.88,2.06,2.17
613,88,31/12/2017,1.88,2.06,2.17,2.42
614,88,31/12/2018,2.06,2.17,2.42,2.58
615,88,31/12/2019,2.17,2.42,2.58,2.29
616,89,31/12/2013,1.97,1.85,1.9,1.86
617,89,31/12/2014,1.85,1.9,1.86,2.08
618,89,31/12/2015,1.9,1.86,2.08,2.09
619,89,31/12/2016,1.86,2.08,2.09,2.23
620,89,31/12/2017,2.08,2.09,2.23,2.14
621,89,31/12/2018,2.09,2.23,2.14,2.32
622,89,31/12/2019,2.23,2.14,2.32,2.32
623,90,31/12/2013,1.61,1.63,1.74,1.82
624,90,31/12/2014,1.63,1.74,1.82,1.89
625,90,31/12/2015,1.74,1.82,1.89,1.97
626,90,31/12/2016,1.82,1.89,1.97,2.05
627,90,31/12/2017,1.89,1.97,2.05,2.25
628,90,31/12/2018,1.97,2.05,2.25,2.54
629,90,31/12/2019,2.05,2.25,2.54,2.64
630,91,31/12/2013,1.84,2.01,2.21,1.97
631,91,31/12/2014,2.01,2.21,1.97,1.75
632,91,31/12/2015,2.21,1.97,1.75,1.63
633,91,31/12/2016,1.97,1.75,1.63,1.72
634,91,31/12/2017,1.75,1.63,1.72,1.51
635,91,31/12/2018,1.63,1.72,1.51,2.87
636,91,31/12/2019,1.72,1.51,2.87,2.03
637,92,31/12/2013,1.98,2.04,1.87,1.91
638,92,31/12/2014,2.04,1.87,1.91,2.0
639,92,31/12/2015,1.87,1.91,2.0,1.89
640,92,31/12/2016,1.91,2.0,1.89,2.0
641,92,31/12/2017,2.0,1.89,2.0,1.94
642,92,31/12/2018,1.89,2.0,1.94,1.87
643,92,31/12/2019,2.0,1.94,1.87,1.9
644,93,31/12/2013,1.38,1.43,1.49,1.52
645,93,31/12/2014,1.43,1.49,1.52,1.74
646,93,31/12/2015,1.49,1.52,1.74,1.87
647,93,31/12/2016,1.52,1.74,1.87,1.91
648,93,31/12/2017,1.74,1.87,1.91,2.12
649,93,31/12/2018,1.87,1.91,2.12,2.41
650,93,31/12/2019,1.91,2.12,2.41,2.56
651,94,31/12/2013,1.97,1.8,1.61,1.54
652,94,31/12/2014,1.8,1.61,1.54,1.97
653,94,31/12/2015,1.61,1.54,1.97,1.66
654,94,31/12/2016,1.54,1.97,1.66,1.71
655,94,31/12/2017,1.97,1.66,1.71,1.78
656,94,31/12/2018,1.66,1.71,1.78,1.83
657,94,31/12/2019,1.71,1.78,1.83,1.76
658,95,31/12/2013,0.77,0.98,1.13,1.42
659,95,31/12/2014,0.98,1.13,1.42,1.67
660,95,31/12/2015,1.13,1.42,1.67,1.99
661,95,31/12/2016,1.42,1.67,1.99,2.17
662,95,31/12/2017,1.67,1.99,2.17,2.25
663,95,31/12/2018,1.99,2.17,2.25,2.52
664,95,31/12/2019,2.17,2.25,2.52,2.03
665,96,31/12/2013,2.17,1.66,1.37,1.27
666,96,31/12/2014,1.66,1.37,1.27,1.36
667,96,31/12/2015,1.37,1.27,1.36,1.52
668,96,31/12/2016,1.27,1.36,1.52,1.69
669,96,31/12/2017,1.36,1.52,1.69,1.86
670,96,31/12/2018,1.52,1.69,1.86,1.96
671,96,31/12/2019,1.69,1.86,1.96,1.94
672,97,31/12/2013,1.05,1.14,1.27,1.36
673,97,31/12/2014,1.14,1.27,1.36,1.7
674,97,31/12/2015,1.27,1.36,1.7,1.68
675,97,31/12/2016,1.36,1.7,1.68,1.57
676,97,31/12/2017,1.7,1.68,1.57,1.81
677,97,31/12/2018,1.68,1.57,1.81,2.54
678,97,31/12/2019,1.57,1.81,2.54,2.11
679,98,31/12/2013,1.61,1.82,1.71,1.52
680,98,31/12/2014,1.82,1.71,1.52,1.35
681,98,31/12/2015,1.71,1.52,1.35,1.18
682,98,31/12/2016,1.52,1.35,1.18,1.34
683,98,31/12/2017,1.35,1.18,1.34,1.45
684,98,31/12/2018,1.18,1.34,1.45,2.03
685,98,31/12/2019,1.34,1.45,2.03,2.05
686,99,31/12/2013,1.09,1.2,1.26,1.32
687,99,31/12/2014,1.2,1.26,1.32,1.35
688,99,31/12/2015,1.26,1.32,1.35,1.56
689,99,31/12/2016,1.32,1.35,1.56,1.66
690,99,31/12/2017,1.35,1.56,1.66,1.88
691,99,31/12/2018,1.56,1.66,1.88,2.08
692,99,31/12/2019,1.66,1.88,2.08,2.51
693,100,31/12/2013,0.56,0.63,0.77,0.9
694,100,31/12/2014,0.63,0.77,0.9,1.1
695,100,31/12/2015,0.77,0.9,1.1,1.39
696,100,31/12/2016,0.9,1.1,1.39,1.89
697,100,31/12/2017,1.1,1.39,1.89,2.35
698,100,31/12/2018,1.39,1.89,2.35,2.49
699,100,31/12/2019,1.89,2.35,2.49,2.2
700,101,31/12/2013,1.11,1.16,1.25,1.33
701,101,31/12/2014,1.16,1.25,1.33,1.43
702,101,31/12/2015,1.25,1.33,1.43,1.49
703,101,31/12/2016,1.33,1.43,1.49,1.55
704,101,31/12/2017,1.43,1.49,1.55,1.58
705,101,31/12/2018,1.49,1.55,1.58,1.64
706,101,31/12/2019,1.55,1.58,1.64,1.65
707,102,31/12/2013,1.07,1.12,1.23,1.27
708,102,31/12/2014,1.12,1.23,1.27,1.39
709,102,31/12/2015,1.23,1.27,1.39,1.46
710,102,31/12/2016,1.27,1.39,1.46,1.6
711,102,31/12/2017,1.39,1.46,1.6,1.96
712,102,31/12/2018,1.46,1.6,1.96,1.41
713,102,31/12/2019,1.6,1.96,1.41,1.46
714,103,31/12/2013,0.95,1.15,1.2,1.21
715,103,31/12/2014,1.15,1.2,1.21,1.27
716,103,31/12/2015,1.2,1.21,1.27,1.3
717,103,31/12/2016,1.21,1.27,1.3,1.32
718,103,31/12/2017,1.27,1.3,1.32,1.4
719,103,31/12/2018,1.3,1.32,1.4,1.8
720,103,31/12/2019,1.32,1.4,1.8,1.5
721,104,31/12/2013,1.05,1.11,1.03,1.02
722,104,31/12/2014,1.11,1.03,1.02,1.29
723,104,31/12/2015,1.03,1.02,1.29,1.3
724,104,31/12/2016,1.02,1.29,1.3,1.39
725,104,31/12/2017,1.29,1.3,1.39,1.44
726,104,31/12/2018,1.3,1.39,1.44,1.7
727,104,31/12/2019,1.39,1.44,1.7,1.67
728,105,31/12/2013,1.34,1.33,1.28,1.3
729,105,31/12/2014,1.33,1.28,1.3,1.33
730,105,31/12/2015,1.28,1.3,1.33,1.26
731,105,31/12/2016,1.3,1.33,1.26,1.28
732,105,31/12/2017,1.33,1.26,1.28,1.34
733,105,31/12/2018,1.26,1.28,1.34,1.28
734,105,31/12/2019,1.28,1.34,1.28,1.23
735,106,31/12/2013,1.52,1.51,1.11,0.89
736,106,31/12/2014,1.51,1.11,0.89,1.26
737,106,31/12/2015,1.11,0.89,1.26,1.26
738,106,31/12/2016,0.89,1.26,1.26,1.26
739,106,31/12/2017,1.26,1.26,1.26,1.26
740,106,31/12/2018,1.26,1.26,1.26,1.26
741,106,31/12/2019,1.26,1.26,1.26,1.26
742,107,31/12/2013,0.67,0.91,1.06,1.12
743,107,31/12/2014,0.91,1.06,1.12,1.22
744,107,31/12/2015,1.06,1.12,1.22,1.3
745,107,31/12/2016,1.12,1.22,1.3,1.38
746,107,31/12/2017,1.22,1.3,1.38,1.57
747,107,31/12/2018,1.3,1.38,1.57,1.71
748,107,31/12/2019,1.38,1.57,1.71,1.63
749,108,31/12/2013,0.68,0.76,0.96,1.08
750,108,31/12/2014,0.76,0.96,1.08,1.2
751,108,31/12/2015,0.96,1.08,1.2,1.19
752,108,31/12/2016,1.08,1.2,1.19,1.26
753,108,31/12/2017,1.2,1.19,1.26,1.5
754,108,31/12/2018,1.19,1.26,1.5,1.65
755,108,31/12/2019,1.26,1.5,1.65,1.89
756,109,31/12/2013,0.79,0.93,0.96,1.13
757,109,31/12/2014,0.93,0.96,1.13,1.21
758,109,31/12/2015,0.96,1.13,1.21,1.23
759,109,31/12/2016,1.13,1.21,1.23,1.29
760,109,31/12/2017,1.21,1.23,1.29,1.39
761,109,31/12/2018,1.23,1.29,1.39,1.48
762,109,31/12/2019,1.29,1.39,1.48,1.7
763,110,31/12/2013,0.75,0.87,1.08,1.1
764,110,31/12/2014,0.87,1.08,1.1,1.14
765,110,31/12/2015,1.08,1.1,1.14,1.14
766,110,31/12/2016,1.1,1.14,1.14,1.28
767,110,31/12/2017,1.14,1.14,1.28,1.33
768,110,31/12/2018,1.14,1.28,1.33,1.51
769,110,31/12/2019,1.28,1.33,1.51,1.53
770,111,31/12/2013,0.96,0.98,0.98,1.02
771,111,31/12/2014,0.98,0.98,1.02,1.07
772,111,31/12/2015,0.98,1.02,1.07,1.17
773,111,31/12/2016,1.02,1.07,1.17,1.31
774,111,31/12/2017,1.07,1.17,1.31,1.37
775,111,31/12/2018,1.17,1.31,1.37,1.43
776,111,31/12/2019,1.31,1.37,1.43,1.42
777,112,31/12/2013,1.2,1.19,1.05,1.08
778,112,31/12/2014,1.19,1.05,1.08,1.08
779,112,31/12/2015,1.05,1.08,1.08,1.18
780,112,31/12/2016,1.08,1.08,1.18,1.23
781,112,31/12/2017,1.08,1.18,1.23,1.35
782,112,31/12/2018,1.18,1.23,1.35,1.36
783,112,31/12/2019,1.23,1.35,1.36,0.97
784,113,31/12/2013,0.68,0.76,0.81,0.92
785,113,31/12/2014,0.76,0.81,0.92,1.03
786,113,31/12/2015,0.81,0.92,1.03,1.13
787,113,31/12/2016,0.92,1.03,1.13,1.28
788,113,31/12/2017,1.03,1.13,1.28,1.5
789,113,31/12/2018,1.13,1.28,1.5,1.71
790,113,31/12/2019,1.28,1.5,1.71,1.85
791,114,31/12/2013,0.91,0.98,0.97,1.07
792,114,31/12/2014,0.98,0.97,1.07,0.98
793,114,31/12/2015,0.97,1.07,0.98,1.01
794,114,31/12/2016,1.07,0.98,1.01,1.22
795,114,31/12/2017,0.98,1.01,1.22,1.38
796,114,31/12/2018,1.01,1.22,1.38,1.13
797,114,31/12/2019,1.22,1.38,1.13,1.7
798,115,31/12/2013,0.79,0.95,0.96,1.06
799,115,31/12/2014,0.95,0.96,1.06,1.13
800,115,31/12/2015,0.96,1.06,1.13,1.19
801,115,31/12/2016,1.06,1.13,1.19,1.15
802,115,31/12/2017,1.13,1.19,1.15,1.26
803,115,31/12/2018,1.19,1.15,1.26,1.33
804,115,31/12/2019,1.15,1.26,1.33,0.94
805,116,31/12/2013,1.04,1.18,1.28,1.32
806,116,31/12/2014,1.18,1.28,1.32,1.22
807,116,31/12/2015,1.28,1.32,1.22,0.4
808,116,31/12/2016,1.32,1.22,0.4,1.07
809,116,31/12/2017,1.22,0.4,1.07,1.07
810,116,31/12/2018,0.4,1.07,1.07,1.07
811,116,31/12/2019,1.07,1.07,1.07,1.07
812,117,31/12/2013,0.25,0.27,0.29,0.38
813,117,31/12/2014,0.27,0.29,0.38,0.47
814,117,31/12/2015,0.29,0.38,0.47,1.44
815,117,31/12/2016,0.38,0.47,1.44,1.58
816,117,31/12/2017,0.47,1.44,1.58,1.8
817,117,31/12/2018,1.44,1.58,1.8,1.97
818,117,31/12/2019,1.58,1.8,1.97,2.07
819,118,31/12/2013,0.9,1.16,0.96,0.56
820,118,31/12/2014,1.16,0.96,0.56,0.53
821,118,31/12/2015,0.96,0.56,0.53,0.56
822,118,31/12/2016,0.56,0.53,0.56,0.96
823,118,31/12/2017,0.53,0.56,0.96,1.75
824,118,31/12/2018,0.56,0.96,1.75,1.9
825,118,31/12/2019,0.96,1.75,1.9,1.03
826,119,31/12/2013,0.98,0.95,0.89,0.92
827,119,31/12/2014,0.95,0.89,0.92,0.99
828,119,31/12/2015,0.89,0.92,0.99,1.03
829,119,31/12/2016,0.92,0.99,1.03,0.95
830,119,31/12/2017,0.99,1.03,0.95,1.06
831,119,31/12/2018,1.03,0.95,1.06,1.17
832,119,31/12/2019,0.95,1.06,1.17,1.22
833,120,31/12/2013,0.81,0.87,0.95,0.95
834,120,31/12/2014,0.87,0.95,0.95,1.04
835,120,31/12/2015,0.95,0.95,1.04,1.09
836,120,31/12/2016,0.95,1.04,1.09,1.05
837,120,31/12/2017,1.04,1.09,1.05,1.05
838,120,31/12/2018,1.09,1.05,1.05,1.02
839,120,31/12/2019,1.05,1.05,1.02,1.04
840,121,31/12/2013,0.82,0.92,0.86,0.92
841,121,31/12/2014,0.92,0.86,0.92,0.95
842,121,31/12/2015,0.86,0.92,0.95,0.93
843,121,31/12/2016,0.92,0.95,0.93,0.96
844,121,31/12/2017,0.95,0.93,0.96,1.01
845,121,31/12/2018,0.93,0.96,1.01,1.07
846,121,31/12/2019,0.96,1.01,1.07,1.27
847,122,31/12/2013,0.62,0.72,0.67,0.7
848,122,31/12/2014,0.72,0.67,0.7,0.82
849,122,31/12/2015,0.67,0.7,0.82,1.04
850,122,31/12/2016,0.7,0.82,1.04,1.06
851,122,31/12/2017,0.82,1.04,1.06,1.19
852,122,31/12/2018,1.04,1.06,1.19,1.28
853,122,31/12/2019,1.06,1.19,1.28,1.11
854,123,31/12/2013,0.68,0.71,0.8,0.8
855,123,31/12/2014,0.71,0.8,0.8,0.87
856,123,31/12/2015,0.8,0.8,0.87,0.88
857,123,31/12/2016,0.8,0.87,0.88,0.96
858,123,31/12/2017,0.87,0.88,0.96,1.11
859,123,31/12/2018,0.88,0.96,1.11,1.14
860,123,31/12/2019,0.96,1.11,1.14,1.24
861,124,31/12/2013,0.79,0.85,0.82,0.78
862,124,31/12/2014,0.85,0.82,0.78,0.77
863,124,31/12/2015,0.82,0.78,0.77,0.89
864,124,31/12/2016,0.78,0.77,0.89,0.87
865,124,31/12/2017,0.77,0.89,0.87,1.04
866,124,31/12/2018,0.89,0.87,1.04,1.06
867,124,31/12/2019,0.87,1.04,1.06,1.04
868,125,31/12/2013,0.93,0.82,0.9,0.99
869,125,31/12/2014,0.82,0.9,0.99,0.83
870,125,31/12/2015,0.9,0.99,0.83,0.9
871,125,31/12/2016,0.99,0.83,0.9,0.87
872,125,31/12/2017,0.83,0.9,0.87,0.87
873,125,31/12/2018,0.9,0.87,0.87,0.87
874,125,31/12/2019,0.87,0.87,0.87,0.75
875,126,31/12/2013,0.69,0.73,0.74,0.77
876,126,31/12/2014,0.73,0.74,0.77,0.78
877,126,31/12/2015,0.74,0.77,0.78,0.87
878,126,31/12/2016,0.77,0.78,0.87,0.96
879,126,31/12/2017,0.78,0.87,0.96,1.03
880,126,31/12/2018,0.87,0.96,1.03,1.06
881,126,31/12/2019,0.96,1.03,1.06,0.97
882,127,31/12/2013,0.43,0.4,0.42,0.43
883,127,31/12/2014,0.4,0.42,0.43,1.08
884,127,31/12/2015,0.42,0.43,1.08,1.08
885,127,31/12/2016,0.43,1.08,1.08,1.2
886,127,31/12/2017,1.08,1.08,1.2,1.14
887,127,31/12/2018,1.08,1.2,1.14,1.17
888,127,31/12/2019,1.2,1.14,1.17,1.14
889,128,31/12/2013,0.57,0.6,0.82,0.78
890,128,31/12/2014,0.6,0.82,0.78,0.82
891,128,31/12/2015,0.82,0.78,0.82,0.9
892,128,31/12/2016,0.78,0.82,0.9,0.99
893,128,31/12/2017,0.82,0.9,0.99,1.08
894,128,31/12/2018,0.9,0.99,1.08,1.0
895,128,31/12/2019,0.99,1.08,1.0,0.84
896,129,31/12/2013,0.6,0.74,0.8,0.8
897,129,31/12/2014,0.74,0.8,0.8,0.79
898,129,31/12/2015,0.8,0.8,0.79,0.54
899,129,31/12/2016,0.8,0.79,0.54,0.75
900,129,31/12/2017,0.79,0.54,0.75,0.94
901,129,31/12/2018,0.54,0.75,0.94,1.17
902,129,31/12/2019,0.75,0.94,1.17,1.2
903,130,31/12/2013,0.75,0.77,0.77,0.8
904,130,31/12/2014,0.77,0.77,0.8,0.82
905,130,31/12/2015,0.77,0.8,0.82,0.81
906,130,31/12/2016,0.8,0.82,0.81,0.85
907,130,31/12/2017,0.82,0.81,0.85,0.84
908,130,31/12/2018,0.81,0.85,0.84,0.87
909,130,31/12/2019,0.85,0.84,0.87,0.81
910,131,31/12/2013,0.54,0.63,1.06,1.09
911,131,31/12/2014,0.63,1.06,1.09,0.97
912,131,31/12/2015,1.06,1.09,0.97,0.88
913,131,31/12/2016,1.09,0.97,0.88,0.68
914,131,31/12/2017,0.97,0.88,0.68,0.43
915,131,31/12/2018,0.88,0.68,0.43,0.78
916,131,31/12/2019,0.68,0.43,0.78,0.78
917,132,31/12/2013,0.47,0.52,0.6,0.68
918,132,31/12/2014,0.52,0.6,0.68,0.77
919,132,31/12/2015,0.6,0.68,0.77,0.86
920,132,31/12/2016,0.68,0.77,0.86,0.87
921,132,31/12/2017,0.77,0.86,0.87,0.93
922,132,31/12/2018,0.86,0.87,0.93,0.85
923,132,31/12/2019,0.87,0.93,0.85,0.81
924,133,31/12/2013,0.37,0.39,0.44,0.53
925,133,31/12/2014,0.39,0.44,0.53,0.54
926,133,31/12/2015,0.44,0.53,0.54,0.68
927,133,31/12/2016,0.53,0.54,0.68,0.78
928,133,31/12/2017,0.54,0.68,0.78,0.92
929,133,31/12/2018,0.68,0.78,0.92,1.05
930,133,31/12/2019,0.78,0.92,1.05,1.2
931,134,31/12/2013,0.5,0.54,0.58,0.59
932,134,31/12/2014,0.54,0.58,0.59,0.68
933,134,31/12/2015,0.58,0.59,0.68,0.74
934,134,31/12/2016,0.59,0.68,0.74,0.8
935,134,31/12/2017,0.68,0.74,0.8,0.81
936,134,31/12/2018,0.74,0.8,0.81,0.84
937,134,31/12/2019,0.8,0.81,0.84,0.67
938,135,31/12/2013,0.5,0.54,0.58,0.59
939,135,31/12/2014,0.54,0.58,0.59,0.68
940,135,31/12/2015,0.58,0.59,0.68,0.74
941,135,31/12/2016,0.59,0.68,0.74,0.8
942,135,31/12/2017,0.68,0.74,0.8,0.81
943,135,31/12/2018,0.74,0.8,0.81,0.84
944,135,31/12/2019,0.8,0.81,0.84,0.67
945,136,31/12/2013,0.56,0.63,0.62,0.52
946,136,31/12/2014,0.63,0.62,0.52,0.51
947,136,31/12/2015,0.62,0.52,0.51,0.47
948,136,31/12/2016,0.52,0.51,0.47,0.47
949,136,31/12/2017,0.51,0.47,0.47,0.54
950,136,31/12/2018,0.47,0.47,0.54,0.6
951,136,31/12/2019,0.47,0.54,0.6,0.64
952,137,31/12/2013,0.34,0.43,0.48,0.5
953,137,31/12/2014,0.43,0.48,0.5,0.49
954,137,31/12/2015,0.48,0.5,0.49,0.52
955,137,31/12/2016,0.5,0.49,0.52,0.6
956,137,31/12/2017,0.49,0.52,0.6,0.67
957,137,31/12/2018,0.52,0.6,0.67,0.71
958,137,31/12/2019,0.6,0.67,0.71,0.76
959,138,31/12/2013,0.52,0.45,0.49,0.55
960,138,31/12/2014,0.45,0.49,0.55,0.56
961,138,31/12/2015,0.49,0.55,0.56,0.43
962,138,31/12/2016,0.55,0.56,0.43,0.4
963,138,31/12/2017,0.56,0.43,0.4,0.5
964,138,31/12/2018,0.43,0.4,0.5,0.61
965,138,31/12/2019,0.4,0.5,0.61,0.69
966,139,31/12/2013,0.49,0.49,0.5,0.47
967,139,31/12/2014,0.49,0.5,0.47,0.46
968,139,31/12/2015,0.5,0.47,0.46,0.52
969,139,31/12/2016,0.47,0.46,0.52,0.49
970,139,31/12/2017,0.46,0.52,0.49,0.47
971,139,31/12/2018,0.52,0.49,0.47,0.5
972,139,31/12/2019,0.49,0.47,0.5,0.48
973,140,31/12/2013,0.26,0.33,0.35,0.4
974,140,31/12/2014,0.33,0.35,0.4,0.43
975,140,31/12/2015,0.35,0.4,0.43,0.49
976,140,31/12/2016,0.4,0.43,0.49,0.51
977,140,31/12/2017,0.43,0.49,0.51,0.63
978,140,31/12/2018,0.49,0.51,0.63,0.71
979,140,31/12/2019,0.51,0.63,0.71,0.76
980,141,31/12/2013,0.45,0.45,0.37,0.33
981,141,31/12/2014,0.45,0.37,0.33,0.39
982,141,31/12/2015,0.37,0.33,0.39,0.44
983,141,31/12/2016,0.33,0.39,0.44,0.47
984,141,31/12/2017,0.39,0.44,0.47,0.47
985,141,31/12/2018,0.44,0.47,0.47,0.53
986,141,31/12/2019,0.47,0.47,0.53,0.53
987,142,31/12/2013,0.43,0.48,0.53,0.65
988,142,31/12/2014,0.48,0.53,0.65,0.6
989,142,31/12/2015,0.53,0.65,0.6,0.59
990,142,31/12/2016,0.65,0.6,0.59,0.4
991,142,31/12/2017,0.6,0.59,0.4,0.26
992,142,31/12/2018,0.59,0.4,0.26,0.22
993,142,31/12/2019,0.4,0.26,0.22,0.22
994,143,31/12/2013,0.3,0.16,0.13,0.15
995,143,31/12/2014,0.16,0.13,0.15,0.13
996,143,31/12/2015,0.13,0.15,0.13,0.64
997,143,31/12/2016,0.15,0.13,0.64,0.83
998,143,31/12/2017,0.13,0.64,0.83,1.03
999,143,31/12/2018,0.64,0.83,1.03,0.27
1000,143,31/12/2019,0.83,1.03,0.27,0.32
1001,144,31/12/2013,0.2,0.3,0.24,0.33
1002,144,31/12/2014,0.3,0.24,0.33,0.28
1003,144,31/12/2015,0.24,0.33,0.28,0.27
1004,144,31/12/2016,0.33,0.28,0.27,0.34
1005,144,31/12/2017,0.28,0.27,0.34,0.51
1006,144,31/12/2018,0.27,0.34,0.51,0.57
1007,144,31/12/2019,0.34,0.51,0.57,0.88
1008,145,31/12/2013,0.16,0.18,0.24,0.21
1009,145,31/12/2014,0.18,0.24,0.21,0.21
1010,145,31/12/2015,0.24,0.21,0.21,0.41
1011,145,31/12/2016,0.21,0.21,0.41,0.34
1012,145,31/12/2017,0.21,0.41,0.34,0.43
1013,145,31/12/2018,0.41,0.34,0.43,1.04
1014,145,31/12/2019,0.34,0.43,1.04,0.36
1015,146,31/12/2013,0.6,0.42,0.35,0.31
1016,146,31/12/2014,0.42,0.35,0.31,0.37
1017,146,31/12/2015,0.35,0.31,0.37,0.36
1018,146,31/12/2016,0.31,0.37,0.36,0.36
1019,146,31/12/2017,0.37,0.36,0.36,0.23
1020,146,31/12/2018,0.36,0.36,0.23,0.2
1021,146,31/12/2019,0.36,0.23,0.2,0.32
1022,147,31/12/2013,0.09,0.11,0.16,0.17
1023,147,31/12/2014,0.11,0.16,0.17,0.16
1024,147,31/12/2015,0.16,0.17,0.16,0.45
1025,147,31/12/2016,0.17,0.16,0.45,0.45
1026,147,31/12/2017,0.16,0.45,0.45,0.52
1027,147,31/12/2018,0.45,0.45,0.52,0.55
1028,147,31/12/2019,0.45,0.52,0.55,0.62
1029,148,31/12/2013,0.28,0.3,0.29,0.33
1030,148,31/12/2014,0.3,0.29,0.33,0.33
1031,148,31/12/2015,0.29,0.33,0.33,0.33
1032,148,31/12/2016,0.33,0.33,0.33,0.34
1033,148,31/12/2017,0.33,0.33,0.34,0.36
1034,148,31/12/2018,0.33,0.34,0.36,0.35
1035,148,31/12/2019,0.34,0.36,0.35,0.36
1036,149,31/12/2013,0.24,0.25,0.32,0.36
1037,149,31/12/2014,0.25,0.32,0.36,0.33
1038,149,31/12/2015,0.32,0.36,0.33,0.29
1039,149,31/12/2016,0.36,0.33,0.29,0.35
1040,149,31/12/2017,0.33,0.29,0.35,0.33
1041,149,31/12/2018,0.29,0.35,0.33,0.35
1042,149,31/12/2019,0.35,0.33,0.35,0.26
1043,150,31/12/2013,0.19,0.21,0.22,0.24
1044,150,31/12/2014,0.21,0.22,0.24,0.24
1045,150,31/12/2015,0.22,0.24,0.24,0.3
1046,150,31/12/2016,0.24,0.24,0.3,0.33
1047,150,31/12/2017,0.24,0.3,0.33,0.38
1048,150,31/12/2018,0.3,0.33,0.38,0.41
1049,150,31/12/2019,0.33,0.38,0.41,0.43
1050,151,31/12/2013,0.2,0.23,0.26,0.2
1051,151,31/12/2014,0.23,0.26,0.2,0.22
1052,151,31/12/2015,0.26,0.2,0.22,0.28
1053,151,31/12/2016,0.2,0.22,0.28,0.33
1054,151,31/12/2017,0.22,0.28,0.33,0.29
1055,151,31/12/2018,0.28,0.33,0.29,0.36
1056,151,31/12/2019,0.33,0.29,0.36,0.49
1057,152,31/12/2013,0.2,0.22,0.23,0.25
1058,152,31/12/2014,0.22,0.23,0.25,0.27
1059,152,31/12/2015,0.23,0.25,0.27,0.28
1060,152,31/12/2016,0.25,0.27,0.28,0.29
1061,152,31/12/2017,0.27,0.28,0.29,0.31
1062,152,31/12/2018,0.28,0.29,0.31,0.32
1063,152,31/12/2019,0.29,0.31,0.32,0.34
1064,153,31/12/2013,0.23,0.21,0.2,0.2
1065,153,31/12/2014,0.21,0.2,0.2,0.21
1066,153,31/12/2015,0.2,0.2,0.21,0.21
1067,153,31/12/2016,0.2,0.21,0.21,0.23
1068,153,31/12/2017,0.21,0.21,0.23,0.3
1069,153,31/12/2018,0.21,0.23,0.3,0.36
1070,153,31/12/2019,0.23,0.3,0.36,0.39
1071,154,31/12/2013,0.21,0.22,0.24,0.25
1072,154,31/12/2014,0.22,0.24,0.25,0.25
1073,154,31/12/2015,0.24,0.25,0.25,0.23
1074,154,31/12/2016,0.25,0.25,0.23,0.26
1075,154,31/12/2017,0.25,0.23,0.26,0.28
1076,154,31/12/2018,0.23,0.26,0.28,0.24
1077,154,31/12/2019,0.26,0.28,0.24,0.24
1078,155,31/12/2013,0.21,0.24,0.21,0.23
1079,155,31/12/2014,0.24,0.21,0.23,0.2
1080,155,31/12/2015,0.21,0.23,0.2,0.22
1081,155,31/12/2016,0.23,0.2,0.22,0.22
1082,155,31/12/2017,0.2,0.22,0.22,0.26
1083,155,31/12/2018,0.22,0.22,0.26,0.28
1084,155,31/12/2019,0.22,0.26,0.28,0.33
1085,156,31/12/2013,0.08,0.19,0.17,0.19
1086,156,31/12/2014,0.19,0.17,0.19,0.33
1087,156,31/12/2015,0.17,0.19,0.33,0.35
1088,156,31/12/2016,0.19,0.33,0.35,0.35
1089,156,31/12/2017,0.33,0.35,0.35,0.24
1090,156,31/12/2018,0.35,0.35,0.24,0.24
1091,156,31/12/2019,0.35,0.24,0.24,0.24
1092,157,31/12/2013,0.2,0.22,0.26,0.35
1093,157,31/12/2014,0.22,0.26,0.35,0.23
1094,157,31/12/2015,0.26,0.35,0.23,0.22
1095,157,31/12/2016,0.35,0.23,0.22,0.21
1096,157,31/12/2017,0.23,0.22,0.21,0.15
1097,157,31/12/2018,0.22,0.21,0.15,0.16
1098,157,31/12/2019,0.21,0.15,0.16,0.22
1099,158,31/12/2013,0.15,0.16,0.18,0.2
1100,158,31/12/2014,0.16,0.18,0.2,0.21
1101,158,31/12/2015,0.18,0.2,0.21,0.21
1102,158,31/12/2016,0.2,0.21,0.21,0.24
1103,158,31/12/2017,0.21,0.21,0.24,0.25
1104,158,31/12/2018,0.21,0.24,0.25,0.29
1105,158,31/12/2019,0.24,0.25,0.29,0.32
1106,159,31/12/2013,0.27,0.24,0.24,0.22
1107,159,31/12/2014,0.24,0.24,0.22,0.19
1108,159,31/12/2015,0.24,0.22,0.19,0.16
1109,159,31/12/2016,0.22,0.19,0.16,0.15
1110,159,31/12/2017,0.19,0.16,0.15,0.14
1111,159,31/12/2018,0.16,0.15,0.14,0.14
1112,159,31/12/2019,0.15,0.14,0.14,0.14
1113,160,31/12/2013,0.14,0.14,0.15,0.23
1114,160,31/12/2014,0.14,0.15,0.23,0.24
1115,160,31/12/2015,0.15,0.23,0.24,0.13
1116,160,31/12/2016,0.23,0.24,0.13,0.19
1117,160,31/12/2017,0.24,0.13,0.19,0.3
1118,160,31/12/2018,0.13,0.19,0.3,0.19
1119,160,31/12/2019,0.19,0.3,0.19,0.19
1120,161,31/12/2013,0.15,0.17,0.18,0.18
1121,161,31/12/2014,0.17,0.18,0.18,0.19
1122,161,31/12/2015,0.18,0.18,0.19,0.2
1123,161,31/12/2016,0.18,0.19,0.2,0.2
1124,161,31/12/2017,0.19,0.2,0.2,0.18
1125,161,31/12/2018,0.2,0.2,0.18,0.2
1126,161,31/12/2019,0.2,0.18,0.2,0.21
1127,162,31/12/2013,0.17,0.16,0.13,0.14
1128,162,31/12/2014,0.16,0.13,0.14,0.17
1129,162,31/12/2015,0.13,0.14,0.17,0.16
1130,162,31/12/2016,0.14,0.17,0.16,0.17
1131,162,31/12/2017,0.17,0.16,0.17,0.19
1132,162,31/12/2018,0.16,0.17,0.19,0.2
1133,162,31/12/2019,0.17,0.19,0.2,0.22
1134,163,31/12/2013,0.04,0.07,0.11,0.12
1135,163,31/12/2014,0.07,0.11,0.12,0.13
1136,163,31/12/2015,0.11,0.12,0.13,0.16
1137,163,31/12/2016,0.12,0.13,0.16,0.21
1138,163,31/12/2017,0.13,0.16,0.21,0.26
1139,163,31/12/2018,0.16,0.21,0.26,0.27
1140,163,31/12/2019,0.21,0.26,0.27,0.32
1141,164,31/12/2013,0.13,0.13,0.14,0.13
1142,164,31/12/2014,0.13,0.14,0.13,0.13
1143,164,31/12/2015,0.14,0.13,0.13,0.14
1144,164,31/12/2016,0.13,0.13,0.14,0.15
1145,164,31/12/2017,0.13,0.14,0.15,0.16
1146,164,31/12/2018,0.14,0.15,0.16,0.17
1147,164,31/12/2019,0.15,0.16,0.17,0.18
1148,165,31/12/2013,0.07,0.08,0.09,0.12
1149,165,31/12/2014,0.08,0.09,0.12,0.14
1150,165,31/12/2015,0.09,0.12,0.14,0.14
1151,165,31/12/2016,0.12,0.14,0.14,0.15
1152,165,31/12/2017,0.14,0.14,0.15,0.16
1153,165,31/12/2018,0.14,0.15,0.16,0.16
1154,165,31/12/2019,0.15,0.16,0.16,0.19
1155,166,31/12/2013,0.08,0.11,0.13,0.14
1156,166,31/12/2014,0.11,0.13,0.14,0.12
1157,166,31/12/2015,0.13,0.14,0.12,0.11
1158,166,31/12/2016,0.14,0.12,0.11,0.14
1159,166,31/12/2017,0.12,0.11,0.14,0.12
1160,166,31/12/2018,0.11,0.14,0.12,0.12
1161,166,31/12/2019,0.14,0.12,0.12,0.12
1162,167,31/12/2013,0.09,0.11,0.12,0.11
1163,167,31/12/2014,0.11,0.12,0.11,0.14
1164,167,31/12/2015,0.12,0.11,0.14,0.16
1165,167,31/12/2016,0.11,0.14,0.16,0.14
1166,167,31/12/2017,0.14,0.16,0.14,0.12
1167,167,31/12/2018,0.16,0.14,0.12,0.11
1168,167,31/12/2019,0.14,0.12,0.11,0.09
1169,168,31/12/2013,0.06,0.08,0.09,0.1
1170,168,31/12/2014,0.08,0.09,0.1,0.09
1171,168,31/12/2015,0.09,0.1,0.09,0.09
1172,168,31/12/2016,0.1,0.09,0.09,0.12
1173,168,31/12/2017,0.09,0.09,0.12,0.15
1174,168,31/12/2018,0.09,0.12,0.15,0.16
1175,168,31/12/2019,0.12,0.15,0.16,0.17
1176,169,31/12/2013,0.07,0.08,0.09,0.1
1177,169,31/12/2014,0.08,0.09,0.1,0.12
1178,169,31/12/2015,0.09,0.1,0.12,0.12
1179,169,31/12/2016,0.1,0.12,0.12,0.1
1180,169,31/12/2017,0.12,0.12,0.1,0.09
1181,169,31/12/2018,0.12,0.1,0.09,0.09
1182,169,31/12/2019,0.1,0.09,0.09,0.09
1183,170,31/12/2013,0.01,0.13,0.1,0.06
1184,170,31/12/2014,0.13,0.1,0.06,0.03
1185,170,31/12/2015,0.1,0.06,0.03,0.04
1186,170,31/12/2016,0.06,0.03,0.04,0.06
1187,170,31/12/2017,0.03,0.04,0.06,0.1
1188,170,31/12/2018,0.04,0.06,0.1,0.19
1189,170,31/12/2019,0.06,0.1,0.19,0.21
1190,171,31/12/2013,0.05,0.07,0.07,0.08
1191,171,31/12/2014,0.07,0.07,0.08,0.1
1192,171,31/12/2015,0.07,0.08,0.1,0.12
1193,171,31/12/2016,0.08,0.1,0.12,0.08
1194,171,31/12/2017,0.1,0.12,0.08,0.11
1195,171,31/12/2018,0.12,0.08,0.11,0.11
1196,171,31/12/2019,0.08,0.11,0.11,0.09
1197,172,31/12/2013,0.07,0.07,0.06,0.06
1198,172,31/12/2014,0.07,0.06,0.06,0.07
1199,172,31/12/2015,0.06,0.06,0.07,0.07
1200,172,31/12/2016,0.06,0.07,0.07,0.09
1201,172,31/12/2017,0.07,0.07,0.09,0.09
1202,172,31/12/2018,0.07,0.09,0.09,0.08
1203,172,31/12/2019,0.09,0.09,0.08,0.09
1204,173,31/12/2013,0.06,0.07,0.06,0.06
1205,173,31/12/2014,0.07,0.06,0.06,0.06
1206,173,31/12/2015,0.06,0.06,0.06,0.06
1207,173,31/12/2016,0.06,0.06,0.06,0.07
1208,173,31/12/2017,0.06,0.06,0.07,0.08
1209,173,31/12/2018,0.06,0.07,0.08,0.09
1210,173,31/12/2019,0.07,0.08,0.09,0.1
1211,174,31/12/2013,0.04,0.05,0.06,0.08
1212,174,31/12/2014,0.05,0.06,0.08,0.06
1213,174,31/12/2015,0.06,0.08,0.06,0.06
1214,174,31/12/2016,0.08,0.06,0.06,0.07
1215,174,31/12/2017,0.06,0.06,0.07,0.07
1216,174,31/12/2018,0.06,0.07,0.07,0.07
1217,174,31/12/2019,0.07,0.07,0.07,0.07
1218,175,31/12/2013,0.04,0.05,0.08,0.1
1219,175,31/12/2014,0.05,0.08,0.1,0.05
1220,175,31/12/2015,0.08,0.1,0.05,0.03
1221,175,31/12/2016,0.1,0.05,0.03,0.06
1222,175,31/12/2017,0.05,0.03,0.06,0.06
1223,175,31/12/2018,0.03,0.06,0.06,0.07
1224,175,31/12/2019,0.06,0.06,0.07,0.07
1225,176,31/12/2013,0.05,0.06,0.06,0.06
1226,176,31/12/2014,0.06,0.06,0.06,0.06
1227,176,31/12/2015,0.06,0.06,0.06,0.06
1228,176,31/12/2016,0.06,0.06,0.06,0.06
1229,176,31/12/2017,0.06,0.06,0.06,0.06
1230,176,31/12/2018,0.06,0.06,0.06,0.06
1231,176,31/12/2019,0.06,0.06,0.06,0.06
1232,177,31/12/2013,0.02,0.04,0.04,0.04
1233,177,31/12/2014,0.04,0.04,0.04,0.04
1234,177,31/12/2015,0.04,0.04,0.04,0.04
1235,177,31/12/2016,0.04,0.04,0.04,0.05
1236,177,31/12/2017,0.04,0.04,0.05,0.05
1237,177,31/12/2018,0.04,0.05,0.05,0.06
1238,177,31/12/2019,0.05,0.05,0.06,0.05
1239,178,31/12/2013,0.04,0.04,0.04,0.04
1240,178,31/12/2014,0.04,0.04,0.04,0.04
1241,178,31/12/2015,0.04,0.04,0.04,0.03
1242,178,31/12/2016,0.04,0.04,0.03,0.03
1243,178,31/12/2017,0.04,0.03,0.03,0.03
1244,178,31/12/2018,0.03,0.03,0.03,0.02
1245,178,31/12/2019,0.03,0.03,0.02,0.02
1246,179,31/12/2013,0.02,0.02,0.02,0.02
1247,179,31/12/2014,0.02,0.02,0.02,0.02
1248,179,31/12/2015,0.02,0.02,0.02,0.02
1249,179,31/12/2016,0.02,0.02,0.02,0.03
1250,179,31/12/2017,0.02,0.02,0.03,0.03
1251,179,31/12/2018,0.02,0.03,0.03,0.04
1252,179,31/12/2019,0.03,0.03,0.04,0.05
1253,180,31/12/2013,0.02,0.02,0.02,0.02
1254,180,31/12/2014,0.02,0.02,0.02,0.02
1255,180,31/12/2015,0.02,0.02,0.02,0.02
1256,180,31/12/2016,0.02,0.02,0.02,0.02
1257,180,31/12/2017,0.02,0.02,0.02,0.03
1258,180,31/12/2018,0.02,0.02,0.03,0.03
1259,180,31/12/2019,0.02,0.03,0.03,0.03
1260,181,31/12/2013,0.01,0.01,0.01,0.01
1261,181,31/12/2014,0.01,0.01,0.01,0.02
1262,181,31/12/2015,0.01,0.01,0.02,0.03
1263,181,31/12/2016,0.01,0.02,0.03,0.03
1264,181,31/12/2017,0.02,0.03,0.03,0.03
1265,181,31/12/2018,0.03,0.03,0.03,0.03
1266,181,31/12/2019,0.03,0.03,0.03,0.02
1267,182,31/12/2013,0.0,0.01,0.0,0.01
1268,182,31/12/2014,0.01,0.0,0.01,0.01
1269,182,31/12/2015,0.0,0.01,0.01,0.01
1270,182,31/12/2016,0.01,0.01,0.01,0.01
1271,182,31/12/2017,0.01,0.01,0.01,0.01
1272,182,31/12/2018,0.01,0.01,0.01,0.01
1273,182,31/12/2019,0.01,0.01,0.01,0.01
1274,183,31/12/2013,0.0,0.0,0.0,0.01
1275,183,31/12/2014,0.0,0.0,0.01,0.0
1276,183,31/12/2015,0.0,0.01,0.0,0.01
1277,183,31/12/2016,0.01,0.0,0.01,0.01
1278,183,31/12/2017,0.0,0.01,0.01,0.01
1279,183,31/12/2018,0.01,0.01,0.01,0.01
1280,183,31/12/2019,0.01,0.01,0.01,0.01
1281,184,31/12/2013,0.0,0.0,0.0,0.0
1282,184,31/12/2014,0.0,0.0,0.0,0.0
1283,184,31/12/2015,0.0,0.0,0.0,0.0
1284,184,31/12/2016,0.0,0.0,0.0,0.0
1285,184,31/12/2017,0.0,0.0,0.0,0.0
1286,184,31/12/2018,0.0,0.0,0.0,0.0
1287,184,31/12/2019,0.0,0.0,0.0,0.0
